{
    "name": "root",
    "gauges": {
        "Navigation_Adam.Policy.Entropy.mean": {
            "value": 2.077737808227539,
            "min": 2.077465295791626,
            "max": 2.0788915157318115,
            "count": 11
        },
        "Navigation_Adam.Policy.Entropy.sum": {
            "value": 2040.338623046875,
            "min": 2040.338623046875,
            "max": 2153.473388671875,
            "count": 11
        },
        "Navigation_Adam.Policy.ExtrinsicValueEstimate.mean": {
            "value": -0.03210053592920303,
            "min": -0.2541999816894531,
            "max": 0.9356585741043091,
            "count": 11
        },
        "Navigation_Adam.Policy.ExtrinsicValueEstimate.sum": {
            "value": -0.5136085748672485,
            "min": -4.06719970703125,
            "max": 14.970537185668945,
            "count": 11
        },
        "Navigation_Adam.Policy.GailValueEstimate.mean": {
            "value": 8.724900245666504,
            "min": 0.03231604024767876,
            "max": 8.724900245666504,
            "count": 11
        },
        "Navigation_Adam.Policy.GailValueEstimate.sum": {
            "value": 139.59840393066406,
            "min": 0.5170566439628601,
            "max": 139.59840393066406,
            "count": 11
        },
        "Navigation_Adam.Environment.EpisodeLength.mean": {
            "value": 454.3333333333333,
            "min": 104.5,
            "max": 499.0,
            "count": 11
        },
        "Navigation_Adam.Environment.EpisodeLength.sum": {
            "value": 1363.0,
            "min": 751.0,
            "max": 1363.0,
            "count": 11
        },
        "Navigation_Adam.Environment.CumulativeReward.mean": {
            "value": 0.8266669064760208,
            "min": -4.286666691303253,
            "max": 2.6930002346634865,
            "count": 11
        },
        "Navigation_Adam.Environment.CumulativeReward.sum": {
            "value": 2.4800007194280624,
            "min": -33.058000698685646,
            "max": 5.386000469326973,
            "count": 11
        },
        "Navigation_Adam.Policy.ExtrinsicReward.mean": {
            "value": 0.0,
            "min": 0.0,
            "max": 0.0,
            "count": 11
        },
        "Navigation_Adam.Policy.ExtrinsicReward.sum": {
            "value": 0.0,
            "min": 0.0,
            "max": 0.0,
            "count": 11
        },
        "Navigation_Adam.Policy.GailReward.mean": {
            "value": 19.214425444602966,
            "min": 19.214425444602966,
            "max": 716.0805587768555,
            "count": 11
        },
        "Navigation_Adam.Policy.GailReward.sum": {
            "value": 57.6432763338089,
            "min": 57.6432763338089,
            "max": 1432.161117553711,
            "count": 11
        },
        "Navigation_Adam.IsTraining.mean": {
            "value": 1.0,
            "min": 1.0,
            "max": 1.0,
            "count": 11
        },
        "Navigation_Adam.IsTraining.sum": {
            "value": 1.0,
            "min": 1.0,
            "max": 1.0,
            "count": 11
        },
        "Navigation_Adam.Losses.PolicyLoss.mean": {
            "value": 0.17592200444390377,
            "min": 0.17592200444390377,
            "max": 0.17592200444390377,
            "count": 1
        },
        "Navigation_Adam.Losses.PolicyLoss.sum": {
            "value": 0.17592200444390377,
            "min": 0.17592200444390377,
            "max": 0.17592200444390377,
            "count": 1
        },
        "Navigation_Adam.Losses.ValueLoss.mean": {
            "value": 28.52144479751587,
            "min": 28.52144479751587,
            "max": 28.52144479751587,
            "count": 1
        },
        "Navigation_Adam.Losses.ValueLoss.sum": {
            "value": 28.52144479751587,
            "min": 28.52144479751587,
            "max": 28.52144479751587,
            "count": 1
        },
        "Navigation_Adam.Policy.LearningRate.mean": {
            "value": 0.0018376667299133335,
            "min": 0.0018376667299133335,
            "max": 0.0018376667299133335,
            "count": 1
        },
        "Navigation_Adam.Policy.LearningRate.sum": {
            "value": 0.0018376667299133335,
            "min": 0.0018376667299133335,
            "max": 0.0018376667299133335,
            "count": 1
        },
        "Navigation_Adam.Policy.Epsilon.mean": {
            "value": 0.13675333333333337,
            "min": 0.13675333333333337,
            "max": 0.13675333333333337,
            "count": 1
        },
        "Navigation_Adam.Policy.Epsilon.sum": {
            "value": 0.13675333333333337,
            "min": 0.13675333333333337,
            "max": 0.13675333333333337,
            "count": 1
        },
        "Navigation_Adam.Policy.Beta.mean": {
            "value": 0.0018439913333333341,
            "min": 0.0018439913333333341,
            "max": 0.0018439913333333341,
            "count": 1
        },
        "Navigation_Adam.Policy.Beta.sum": {
            "value": 0.0018439913333333341,
            "min": 0.0018439913333333341,
            "max": 0.0018439913333333341,
            "count": 1
        },
        "Navigation_Adam.Policy.GAILPolicyEstimate.mean": {
            "value": 0.23699654887119928,
            "min": 0.23699654887119928,
            "max": 0.23699654887119928,
            "count": 1
        },
        "Navigation_Adam.Policy.GAILPolicyEstimate.sum": {
            "value": 0.23699654887119928,
            "min": 0.23699654887119928,
            "max": 0.23699654887119928,
            "count": 1
        },
        "Navigation_Adam.Policy.GAILExpertEstimate.mean": {
            "value": 0.8095987518628438,
            "min": 0.8095987518628438,
            "max": 0.8095987518628438,
            "count": 1
        },
        "Navigation_Adam.Policy.GAILExpertEstimate.sum": {
            "value": 0.8095987518628438,
            "min": 0.8095987518628438,
            "max": 0.8095987518628438,
            "count": 1
        },
        "Navigation_Adam.Losses.GAILLoss.mean": {
            "value": 0.7762243211269378,
            "min": 0.7762243211269378,
            "max": 0.7762243211269378,
            "count": 1
        },
        "Navigation_Adam.Losses.GAILLoss.sum": {
            "value": 0.7762243211269378,
            "min": 0.7762243211269378,
            "max": 0.7762243211269378,
            "count": 1
        },
        "Navigation_Adam.Policy.GAILGradMagLoss.mean": {
            "value": 8.373382218678792,
            "min": 8.373382218678792,
            "max": 8.373382218678792,
            "count": 1
        },
        "Navigation_Adam.Policy.GAILGradMagLoss.sum": {
            "value": 8.373382218678792,
            "min": 8.373382218678792,
            "max": 8.373382218678792,
            "count": 1
        }
    },
    "metadata": {
        "timer_format_version": "0.1.0",
        "start_time_seconds": "1618166832",
        "python_version": "3.7.4 (default, Aug  9 2019, 18:34:13) [MSC v.1915 64 bit (AMD64)]",
        "command_line_arguments": "C:\\Users\\zace3\\Miniconda3\\Scripts\\mlagents-learn config/IL0.5.yaml --run-id=Test2 --force",
        "mlagents_version": "0.25.0",
        "mlagents_envs_version": "0.25.0",
        "communication_protocol_version": "1.5.0",
        "pytorch_version": "1.7.0+cu110",
        "numpy_version": "1.18.5",
        "end_time_seconds": "1618167137"
    },
    "total": 305.1428077,
    "count": 1,
    "self": 0.004624500000034004,
    "children": {
        "run_training.setup": {
            "total": 0.11849320000000008,
            "count": 1,
            "self": 0.11849320000000008
        },
        "TrainerController.start_learning": {
            "total": 305.01968999999997,
            "count": 1,
            "self": 0.26039560000174333,
            "children": {
                "TrainerController._reset_env": {
                    "total": 10.713288,