{
    "name": "root",
    "gauges": {
        "Navigation_Adam.Policy.Entropy.mean": {
            "value": 1.8492968082427979,
            "min": 1.8492968082427979,
            "max": 1.8492968082427979,
            "count": 1
        },
        "Navigation_Adam.Policy.Entropy.sum": {
            "value": 92512.921875,
            "min": 92512.921875,
            "max": 92512.921875,
            "count": 1
        },
        "Navigation_Adam.Policy.ExtrinsicValueEstimate.mean": {
            "value": -5.735316276550293,
            "min": -5.735316276550293,
            "max": -5.735316276550293,
            "count": 1
        },
        "Navigation_Adam.Policy.ExtrinsicValueEstimate.sum": {
            "value": -5408.4033203125,
            "min": -5408.4033203125,
            "max": -5408.4033203125,
            "count": 1
        },
        "Navigation_Adam.Environment.EpisodeLength.mean": {
            "value": 166.44295302013424,
            "min": 166.44295302013424,
            "max": 166.44295302013424,
            "count": 1
        },
        "Navigation_Adam.Environment.EpisodeLength.sum": {
            "value": 49600.0,
            "min": 49600.0,
            "max": 49600.0,
            "count": 1
        },
        "Navigation_Adam.Environment.CumulativeReward.mean": {
            "value": -3.5268456375838926,
            "min": -3.5268456375838926,
            "max": -3.5268456375838926,
            "count": 1
        },
        "Navigation_Adam.Environment.CumulativeReward.sum": {
            "value": -1051.0,
            "min": -1051.0,
            "max": -1051.0,
            "count": 1
        },
        "Navigation_Adam.Policy.ExtrinsicReward.mean": {
            "value": -3.5268456375838926,
            "min": -3.5268456375838926,
            "max": -3.5268456375838926,
            "count": 1
        },
        "Navigation_Adam.Policy.ExtrinsicReward.sum": {
            "value": -1051.0,
            "min": -1051.0,
            "max": -1051.0,
            "count": 1
        },
        "Navigation_Adam.Losses.PolicyLoss.mean": {
            "value": 0.022980706506253532,
            "min": 0.022980706506253532,
            "max": 0.022980706506253532,
            "count": 1
        },
        "Navigation_Adam.Losses.PolicyLoss.sum": {
            "value": 0.09192282602501413,
            "min": 0.09192282602501413,
            "max": 0.09192282602501413,
            "count": 1
        },
        "Navigation_Adam.Losses.ValueLoss.mean": {
            "value": 0.5941453322768211,
            "min": 0.5941453322768211,
            "max": 0.5941453322768211,
            "count": 1
        },
        "Navigation_Adam.Losses.ValueLoss.sum": {
            "value": 2.3765813291072844,
            "min": 2.3765813291072844,
            "max": 2.3765813291072844,
            "count": 1
        },
        "Navigation_Adam.Policy.LearningRate.mean": {
            "value": 0.00028461315512894996,
            "min": 0.00028461315512894996,
            "max": 0.00028461315512894996,
            "count": 1
        },
        "Navigation_Adam.Policy.LearningRate.sum": {
            "value": 0.0011384526205157999,
            "min": 0.0011384526205157999,
            "max": 0.0011384526205157999,
            "count": 1
        },
        "Navigation_Adam.Policy.Epsilon.mean": {
            "value": 0.19487105000000005,
            "min": 0.19487105000000005,
            "max": 0.19487105000000005,
            "count": 1
        },
        "Navigation_Adam.Policy.Epsilon.sum": {
            "value": 0.7794842000000002,
            "min": 0.7794842000000002,
            "max": 0.7794842000000002,
            "count": 1
        },
        "Navigation_Adam.Policy.Beta.mean": {
            "value": 0.004744065395,
            "min": 0.004744065395,
            "max": 0.004744065395,
            "count": 1
        },
        "Navigation_Adam.Policy.Beta.sum": {
            "value": 0.01897626158,
            "min": 0.01897626158,
            "max": 0.01897626158,
            "count": 1
        },
        "Navigation_Adam.IsTraining.mean": {
            "value": 1.0,
            "min": 1.0,
            "max": 1.0,
            "count": 1
        },
        "Navigation_Adam.IsTraining.sum": {
            "value": 1.0,
            "min": 1.0,
            "max": 1.0,
            "count": 1
        },
        "MyBehavior.Policy.Entropy.mean": {
            "value": 1.309482216835022,
            "min": 1.309482216835022,
            "max": 1.309482216835022,
            "count": 1
        },
        "MyBehavior.Policy.Entropy.sum": {
            "value": 65479.34765625,
            "min": 65479.34765625,
            "max": 65479.34765625,
            "count": 1
        },
        "MyBehavior.Policy.ExtrinsicValueEstimate.mean": {
            "value": -15.596343040466309,
            "min": -15.596343040466309,
            "max": -15.596343040466309,
            "count": 1
        },
        "MyBehavior.Policy.ExtrinsicValueEstimate.sum": {
            "value": -12617.44140625,
            "min": -12617.44140625,
            "max": -12617.44140625,
            "count": 1
        },
        "MyBehavior.Environment.EpisodeLength.mean": {
            "value": 301.1224489795918,
            "min": 301.1224489795918,
            "max": 301.1224489795918,
            "count": 1
        },
        "MyBehavior.Environment.EpisodeLength.sum": {
            "value": 14755.0,
            "min": 14755.0,
            "max": 14755.0,
            "count": 1
        },
        "MyBehavior.Environment.CumulativeReward.mean": {
            "value": -4.469387755102041,
            "min": -4.469387755102041,
            "max": -4.469387755102041,
            "count": 1
        },
        "MyBehavior.Environment.CumulativeReward.sum": {
            "value": -219.0,
            "min": -219.0,
            "max": -219.0,
            "count": 1
        },
        "MyBehavior.Policy.ExtrinsicReward.mean": {
            "value": -4.469387755102041,
            "min": -4.469387755102041,
            "max": -4.469387755102041,
            "count": 1
        },
        "MyBehavior.Policy.ExtrinsicReward.sum": {
            "value": -219.0,
            "min": -219.0,
            "max": -219.0,
            "count": 1
        },
        "MyBehavior.Losses.PolicyLoss.mean": {
            "value": 0.02550530596248185,
            "min": 0.02550530596248185,
            "max": 0.02550530596248185,
            "count": 1
        },
        "MyBehavior.Losses.PolicyLoss.sum": {
            "value": 0.1020212238499274,
            "min": 0.1020212238499274,
            "max": 0.1020212238499274,
            "count": 1
        },
        "MyBehavior.Losses.ValueLoss.mean": {
            "value": 1.432762593527635,
            "min": 1.432762593527635,
            "max": 1.432762593527635,
            "count": 1
        },
        "MyBehavior.Losses.ValueLoss.sum": {
            "value": 5.73105037411054,
            "min": 5.73105037411054,
            "max": 5.73105037411054,
            "count": 1
        },
        "MyBehavior.Policy.LearningRate.mean": {
            "value": 0.00028456455514514996,
            "min": 0.00028456455514514996,
            "max": 0.00028456455514514996,
            "count": 1
        },
        "MyBehavior.Policy.LearningRate.sum": {
            "value": 0.0011382582205805999,
            "min": 0.0011382582205805999,
            "max": 0.0011382582205805999,
            "count": 1
        },
        "MyBehavior.Policy.Epsilon.mean": {
            "value": 0.19485484999999997,
            "min": 0.19485484999999997,
            "max": 0.19485484999999997,
            "count": 1
        },
        "MyBehavior.Policy.Epsilon.sum": {
            "value": 0.7794193999999999,
            "min": 0.7794193999999999,
            "max": 0.7794193999999999,
            "count": 1
        },
        "MyBehavior.Policy.Beta.mean": {
            "value": 0.004743257015,