{
    "name": "root",
    "gauges": {
        "Navigation_Adam.Policy.Entropy.mean": {
            "value": 2.077216863632202,
            "min": 2.0767862796783447,
            "max": 2.0790555477142334,
            "count": 14
        },
        "Navigation_Adam.Policy.Entropy.sum": {
            "value": 2077.216796875,
            "min": 1956.293212890625,
            "max": 2186.140869140625,
            "count": 14
        },
        "Navigation_Adam.Policy.ExtrinsicValueEstimate.mean": {
            "value": -0.7450565099716187,
            "min": -1.517922282218933,
            "max": -0.5450454950332642,
            "count": 14
        },
        "Navigation_Adam.Policy.ExtrinsicValueEstimate.sum": {
            "value": -11.920904159545898,
            "min": -28.84052276611328,
            "max": -8.720727920532227,
            "count": 14
        },
        "Navigation_Adam.Policy.GailValueEstimate.mean": {
            "value": 0.4161053001880646,
            "min": 0.3484705090522766,
            "max": 1.3842368125915527,
            "count": 14
        },
        "Navigation_Adam.Policy.GailValueEstimate.sum": {
            "value": 6.657684803009033,
            "min": 6.6209397315979,
            "max": 29.068973541259766,
            "count": 14
        },
        "Navigation_Adam.Environment.EpisodeLength.mean": {
            "value": 499.0,
            "min": 98.92307692307692,
            "max": 499.0,
            "count": 14
        },
        "Navigation_Adam.Environment.EpisodeLength.sum": {
            "value": 998.0,
            "min": 802.0,
            "max": 1286.0,
            "count": 14
        },
        "Navigation_Adam.Environment.CumulativeReward.mean": {
            "value": 2.7370001897215843,
            "min": -4.568000065162778,
            "max": 2.790000207722187,
            "count": 14
        },
        "Navigation_Adam.Environment.CumulativeReward.sum": {
            "value": 5.474000379443169,
            "min": -36.54400052130222,
            "max": 5.580000415444374,
            "count": 14
        },
        "Navigation_Adam.Policy.ExtrinsicReward.mean": {
            "value": 2.7370001897215843,
            "min": -4.568000065162778,
            "max": 2.790000207722187,
            "count": 14
        },
        "Navigation_Adam.Policy.ExtrinsicReward.sum": {
            "value": 5.474000379443169,
            "min": -36.54400052130222,
            "max": 5.580000415444374,
            "count": 14
        },
        "Navigation_Adam.Policy.GailReward.mean": {
            "value": 10.617008141824044,
            "min": 4.793927490711212,
            "max": 302.56522876024246,
            "count": 14
        },
        "Navigation_Adam.Policy.GailReward.sum": {
            "value": 21.23401628364809,
            "min": 21.23401628364809,
            "max": 605.1304575204849,
            "count": 14
        },
        "Navigation_Adam.IsTraining.mean": {
            "value": 1.0,
            "min": 1.0,
            "max": 1.0,
            "count": 14
        },
        "Navigation_Adam.IsTraining.sum": {
            "value": 1.0,
            "min": 1.0,
            "max": 1.0,
            "count": 14
        },
        "Navigation_Adam.Losses.PolicyLoss.mean": {
            "value": 0.19096782337874174,
            "min": 0.19096782337874174,
            "max": 0.19096782337874174,
            "count": 1
        },
        "Navigation_Adam.Losses.PolicyLoss.sum": {
            "value": 0.19096782337874174,
            "min": 0.19096782337874174,
            "max": 0.19096782337874174,
            "count": 1
        },
        "Navigation_Adam.Losses.ValueLoss.mean": {
            "value": 0.6686118811368942,
            "min": 0.6686118811368942,
            "max": 0.6686118811368942,
            "count": 1
        },
        "Navigation_Adam.Losses.ValueLoss.sum": {
            "value": 0.6686118811368942,
            "min": 0.6686118811368942,
            "max": 0.6686118811368942,
            "count": 1
        },
        "Navigation_Adam.Policy.LearningRate.mean": {
            "value": 0.002164333390046667,
            "min": 0.002164333390046667,
            "max": 0.002164333390046667,
            "count": 1
        },
        "Navigation_Adam.Policy.LearningRate.sum": {
            "value": 0.002164333390046667,
            "min": 0.002164333390046667,
            "max": 0.002164333390046667,
            "count": 1
        },
        "Navigation_Adam.Policy.Epsilon.mean": {
            "value": 0.14328666666666665,
            "min": 0.14328666666666665,
            "max": 0.14328666666666665,
            "count": 1
        },
        "Navigation_Adam.Policy.Epsilon.sum": {
            "value": 0.14328666666666665,
            "min": 0.14328666666666665,
            "max": 0.14328666666666665,
            "count": 1
        },
        "Navigation_Adam.Policy.Beta.mean": {
            "value": 0.0021700046666666673,
            "min": 0.0021700046666666673,
            "max": 0.0021700046666666673,
            "count": 1
        },
        "Navigation_Adam.Policy.Beta.sum": {
            "value": 0.0021700046666666673,
            "min": 0.0021700046666666673,
            "max": 0.0021700046666666673,
            "count": 1
        },
        "Navigation_Adam.Policy.GAILPolicyEstimate.mean": {
            "value": 0.2460595641285181,
            "min": 0.2460595641285181,
            "max": 0.2460595641285181,
            "count": 1
        },
        "Navigation_Adam.Policy.GAILPolicyEstimate.sum": {
            "value": 0.2460595641285181,
            "min": 0.2460595641285181,
            "max": 0.2460595641285181,
            "count": 1
        },
        "Navigation_Adam.Policy.GAILExpertEstimate.mean": {
            "value": 0.7996555124719937,
            "min": 0.7996555124719937,
            "max": 0.7996555124719937,
            "count": 1
        },
        "Navigation_Adam.Policy.GAILExpertEstimate.sum": {
            "value": 0.7996555124719937,
            "min": 0.7996555124719937,
            "max": 0.7996555124719937,
            "count": 1
        },
        "Navigation_Adam.Losses.GAILLoss.mean": {
            "value": 0.7277755935986837,
            "min": 0.7277755935986837,
            "max": 0.7277755935986837,
            "count": 1
        },
        "Navigation_Adam.Losses.GAILLoss.sum": {
            "value": 0.7277755935986837,
            "min": 0.7277755935986837,
            "max": 0.7277755935986837,
            "count": 1
        },
        "Navigation_Adam.Policy.GAILGradMagLoss.mean": {
            "value": 6.320023163159688,
            "min": 6.320023163159688,
            "max": 6.320023163159688,
            "count": 1
        },
        "Navigation_Adam.Policy.GAILGradMagLoss.sum": {
            "value": 6.320023163159688,
            "min": 6.320023163159688,
            "max": 6.320023163159688,
            "count": 1
        }
    },
    "metadata": {
        "timer_format_version": "0.1.0",
        "start_time_seconds": "1618178326",
        "python_version": "3.7.4 (default, Aug  9 2019, 18:34:13) [MSC v.1915 64 bit (AMD64)]",
        "command_line_arguments": "C:\\Users\\zace3\\Miniconda3\\Scripts\\mlagents-learn config/IL0.5.yaml --run-id=Test10 --force",
        "mlagents_version": "0.25.0",
        "mlagents_envs_version": "0.25.0",
        "communication_protocol_version": "1.5.0",
        "pytorch_version": "1.7.0+cu110",
        "numpy_version": "1.18.5",
        "end_time_seconds": "1618178744"
    },
    "total": 417.1497376,
    "count": 1,
    "self": 14.455541599999947,
    "children": {
        "run_training.setup": {
            "total": 0.1230353999999998,
            "count": 1,
            "self": 0.1230353999999998
        },
        "TrainerController.start_learning": {
            "total": 402.57116060000004,
            "count": 1,
            "self": 0.32374429999731547,